ZONE_NUMBER,ZONE_NAME,METER_ID,METER_STATION,METER_TYPE,METER_MODEL,OPERATION_HOURS,OPERATION_DAYS,HOURLY_RATE,DAILY_RATE,MAXIMUM_HOURS,MONTHLY_UNRESERVED_RATE,MONTHLY_RESERVED_RATE,PAY_BY_PHONE,OWNER,ON_OFF_STREET,ZONE_TYPE,NUMBER_SPACES,ADDRESS,PAYMENT_METHODS,COMMENTS,Latitude,Longitude
6,8 Avenue/Marine Drive On-Street,#022,14524,Paystation,SIEMENS SITRAFFIC PRISMA,8:00 AM to 11:00 PM,7 Days/Week,$1.50,,6,,,4294,Surrey,On,On-Street Parking,53,15638 8 Ave,Cash/Credit Card/PayByPhone,,49.016507,-122.786942
4,Gateway South On-Street,#017,14519,Paystation,SIEMENS SITRAFFIC PRISMA,8:00 AM to 6:00 PM,7 Days/Week,$1.00,4,All Day,,,4303,Surrey,On,On-Street Parking,62,13458 107A Ave,Cash/Credit Card/PayByPhone,,49.197322,-122.849543
5,17 Avenue On-Street,#019,14521,Paystation,SIEMENS SITRAFFIC PRISMA,8:00 AM to 8:00 PM,7 Days/Week,$1.00,,2,,,4304,Surrey,On,On-Street Parking,12,1688 17 Ave,Cash/Credit Card/PayByPhone,,49.032889,-122.800620
1,Gateway North On-Street,#060,500013501587,Paystation,DIGITAL PAYMENT TECHNOLOGIES LUKE II,8:00 AM to 6:00 PM,7 Days/Week,$1.00,4,All Day,,,4317,Surrey,On,On-Street Parking,222,13433 Gateway Dr,Credit Card/PayByPhone,,49.201333,-122.852172
,Ocean Park Library #1,EV008,AAB-11760,EV Charging Station - Level 2,AddEnergie CoRe+,24 Hours,7 Days/Week,,,2,,,,,Off,Public,1,12854 17 Ave,,,49.032636,-122.866407
8,Innovation Boulevard On-Street,#039,14765,Paystation,SIEMENS SITRAFFIC PRISMA,6:00 AM to 8:00 PM,7 Days/Week,$1.25,5,All Day,,,4309,Surrey,On,On-Street Parking,76,9770 King George Blvd,Cash/Credit Card/PayByPhone,,49.179303,-122.845253
1,Gateway North On-Street,#047,14773,Paystation,SIEMENS SITRAFFIC PRISMA,8:00 AM to 6:00 PM,7 Days/Week,$1.00,4,All Day,,,4317,Surrey,On,On-Street Parking,222,13555 Gateway Dr,Cash/Credit Card/PayByPhone,,49.201628,-122.849811
,Surrey City Hall - P2 Employee #4,EV037,AAB-12103,EV Charging Station - Level 2,AddEnergie CoRe+,24 Hours,7 Days/Week,,,,,,,,Off,Employee,1,13450 104 Ave,,,49.190913,-122.848922
15,City Hall Parkade,#220,520014230462,Paystation,DIGITAL PAYMENT TECHNOLOGIES LUKE II,24 Hours,7 Days/Week,$1.50,,All Day,,$130.00,5009,Surrey,Off,Below Ground Multi-Level Parkade,834,13450 104 Ave,Cash/Credit Card/PayByPhone,,49.190891,-122.848731
,Cloverdale Town Centre DCFC,53022,N/A,EV Charging Station - Level 3 / DCFC,BTCPower EVfC-50-KW,24 Hours,7 Days/Week,,,1,,,,,Off,Public,1,5761 176A Street,,,49.107073,-122.734345
20,North Surrey Recreation Centre,#211,520014451708,Paystation,DIGITAL PAYMENT TECHNOLOGIES LUKE II,24 Hours,7 Days/Week,$1.50,$7.00,All Day,,,5012,Surrey,Off,Surface Paved Off-Street,31,10225 City Parkway,Credit Card/PayByPhone,,49.188537,-122.848119
4,Gateway South On-Street,#014,14516,Paystation,SIEMENS SITRAFFIC PRISMA,8:00 AM to 6:00 PM,7 Days/Week,$1.00,4,All Day,,,4303,Surrey,On,On-Street Parking,62,13456 108 Ave,Cash/Credit Card/PayByPhone,,49.198468,-122.848908
23,133/133A Street On-Street,#064,520014451698,Paystation,DIGITAL PAYMENT TECHNOLOGIES LUKE II,8:00 AM to 6:00 PM,Mon - Fri,$1.00,$4.00,All Day,,,4316,Surrey,On,On-Street Parking,128,10388 133 St,Credit Card/PayByPhone,,49.190964,-122.854144
8,Innovation Boulevard On-Street,#041,14767,Paystation,SIEMENS SITRAFFIC PRISMA,6:00 AM to 8:00 PM,7 Days/Week,$1.25,5,All Day,,,4309,Surrey,On,On-Street Parking,76,9666 King George Blvd,Cash/Credit Card/PayByPhone,,49.178773,-122.844177
6,8 Avenue/Marine Drive On-Street,#020,14522,Paystation,SIEMENS SITRAFFIC PRISMA,8:00 AM to 11:00 PM,7 Days/Week,$1.50,,6,,,4294,Surrey,On,On-Street Parking,53,15638 8 Ave,Cash/Credit Card/PayByPhone,,49.016517,-122.789434
,Surrey Operations Centre - Staff Parking #1,EV022,AAB-12171,EV Charging Station - Level 2,AddEnergie CoRe+,24 Hours,7 Days/Week,,,,,,,,Off,Employee,1,6651 148 Street,,,49.122695,-122.813164
15,City Hall Parkade,#221,520014230463,Paystation,DIGITAL PAYMENT TECHNOLOGIES LUKE II,24 Hours,7 Days/Week,$1.50,,All Day,,$130.00,5009,Surrey,Off,Below Ground Multi-Level Parkade,834,13450 104 Ave,Credit Card/PayByPhone,,49.190891,-122.848731
6,8 Avenue/Marine Drive On-Street,#025,14527,Paystation,SIEMENS SITRAFFIC PRISMA,8:00 AM to 11:00 PM,7 Days/Week,$1.50,,6,,,4294,Surrey,On,On-Street Parking,53,15638 8 Ave,Cash/Credit Card/PayByPhone,,49.016504,-122.780128
,Surrey City Hall - P2 Employee #2,EV035,AAB-12017,EV Charging Station - Level 2,AddEnergie CoRe+,24 Hours,7 Days/Week,,,,,,,,Off,Employee,1,13450 104 Ave,,,49.190913,-122.848922
9,Central Avenue On-Street,#061,500013271024,Paystation,DIGITAL PAYMENT TECHNOLOGIES LUKE II,24 Hours,7 Days/Week,$1.50,7,All Day,,,4306,Surrey,On,On-Street Parking,7,10388 City Parkway,Credit Card/PayByPhone,,49.190146,-122.846605
,Ocean Park Library #2,EV009,AAB-11732,EV Charging Station - Level 2,AddEnergie CoRe+,24 Hours,7 Days/Week,,,2,,,,,Off,Public,1,12854 17 Ave,,,49.032636,-122.866407
,Surrey City Hall - P2 Employee #8,EV041,AAB-12178,EV Charging Station - Level 2,AddEnergie CoRe+,24 Hours,7 Days/Week,,,,,,,,Off,Employee,1,13450 104 Ave,,,49.190913,-122.848922
7,Newton Town Centre On-Street,#036,14762,Paystation,SIEMENS SITRAFFIC PRISMA,8:00 AM to 4:30 PM,Mon - Fri,$1.00,2,All Day,,,4355,Surrey,On,On-Street Parking,107,13725 72A Ave,Cash/Credit Card/PayByPhone,,49.134856,-122.841370
19,SFU South,#203,500013271026,Paystation,DIGITAL PAYMENT TECHNOLOGIES LUKE II,24 Hours,7 Days/Week,$0.75,$5.00,All Day,$100.00,,5015,Surrey,Off,Surface Paved Off-Street,45,10290 University Dr10290 University Dr10290 University Drive,Credit Card/PayByPhone,,49.188455,-122.850472
7,Newton Town Centre On-Street,#033,14759,Paystation,SIEMENS SITRAFFIC PRISMA,8:00 AM to 4:30 PM,Mon - Fri,$1.00,2,All Day,,,4355,Surrey,On,On-Street Parking,107,13764 72 Ave,Cash/Credit Card/PayByPhone,,49.133485,-122.840687
23,133/133A Street On-Street,#066,520014451700,Paystation,DIGITAL PAYMENT TECHNOLOGIES LUKE II,8:00 AM to 6:00 PM,Mon - Fri,$1.00,$4.00,All Day,,,4316,Surrey,On,On-Street Parking,128,10290 133 St,Credit Card/PayByPhone,,49.189616,-122.854178
15,City Hall Parkade,#222,520014230461,Paystation,DIGITAL PAYMENT TECHNOLOGIES LUKE II,Outside of City Hall/Library Hours,7 Days/Week,$1.50,,All Day,,$130.00,4295,Surrey,Off,Below Ground Multi-Level Parkade,834,13450 104 Ave,Cash/Credit Card/PayByPhone,,49.190891,-122.848731
4,Gateway South On-Street,#076,520015220781,Paystation,DIGITAL PAYMENT TECHNOLOGIES LUKE II,8:00 AM to 6:00 PM,7 Days/Week,$1.00,,2,,,4297,Surrey,On,On-Street Parking,50,13380 108 Ave,Credit Card/PayByPhone,,49.198813,-122.851299
,Surrey City Hall - P2 [Fleet - Inspectors],EV031,SOS01121700131,EV Charging Station - Level 2,AeroVironment EVSE-RSW32B25CXXW,24 Hours,7 Days/Week,,,,,,,,Off,Fleet,1,13450 104 Ave,,,49.191375,-122.848727
24,105/105A Avenue On-Street,#072,500013501590,Paystation,DIGITAL PAYMENT TECHNOLOGIES LUKE II,8:00 AM to 6:00 PM,Mon - Fri,$1.00,$4.00,All Day,,,4318,Surrey,On,On-Street Parking,111,13461 105A Ave,Credit Card/PayByPhone,,49.194554,-122.848908
8,Innovation Boulevard On-Street,#040,14766,Paystation,SIEMENS SITRAFFIC PRISMA,6:00 AM to 8:00 PM,7 Days/Week,$1.25,5,All Day,,,4309,Surrey,On,On-Street Parking,76,9711 137 St,Cash/Credit Card/PayByPhone,,49.179199,-122.843456
8,Innovation Boulevard On-Street,#054,14184,Paystation,SIEMENS SITRAFFIC PRISMA,6:00 AM to 8:00 PM,7 Days/Week,$1.25,5,All Day,,,4309,Surrey,On,On-Street Parking,76,9650 137A St,Cash/Credit Card/PayByPhone,,49.177939,-122.841006
7,Newton Town Centre On-Street,#037,14763,Paystation,SIEMENS SITRAFFIC PRISMA,8:00 AM to 4:30 PM,Mon - Fri,$1.00,2,All Day,,,4355,Surrey,On,On-Street Parking,107,13725 72A Ave,Cash/Credit Card/PayByPhone,,49.134786,-122.840232
1,Gateway North On-Street,#006,14508,Paystation,SIEMENS SITRAFFIC PRISMA,8:00 AM to 6:00 PM,7 Days/Week,$1.00,4,All Day,,,4317,Surrey,On,On-Street Parking,222,13479 108 Ave,Cash/Credit Card/PayByPhone,,49.199911,-122.848980
4,Gateway South On-Street,#077,520015220782,Paystation,DIGITAL PAYMENT TECHNOLOGIES LUKE II,8:00 AM to 6:00 PM,7 Days/Week,$1.00,,2,,,4297,Surrey,On,On-Street Parking,50,13380 108 Ave,Credit Card/PayByPhone,,49.198593,-122.851014
12,Scott Road SkyTrain On-Street,#055,500013501582,Paystation,DIGITAL PAYMENT TECHNOLOGIES LUKE II,8:00 AM to 6:00 PM,7 Days/Week,$1.00,$2.00,All Day,,,4315,Surrey,On,On-Street Parking,59,12515 110 Ave,Credit Card/PayByPhone,,49.202700,-122.874817
15,City Hall Parkade,#216,520014230465,Paystation,DIGITAL PAYMENT TECHNOLOGIES LUKE II,Outside of City Hall/Library Hours,7 Days/Week,$1.50,,All Day,,$130.00,4295,Surrey,Off,Below Ground Multi-Level Parkade,834,13450 104 Ave,Cash/Credit Card/PayByPhone,,49.190891,-122.848731
,Surrey City Hall - P2 Employee #1,EV034,AAB-12147,EV Charging Station - Level 2,AddEnergie CoRe+,24 Hours,7 Days/Week,,,,,,,,Off,Employee,1,13450 104 Ave,,,49.190913,-122.848922
1,Gateway North On-Street,#004,14506,Paystation,SIEMENS SITRAFFIC PRISMA,8:00 AM to 6:00 PM,7 Days/Week,$1.00,4,All Day,,,4317,Surrey,On,On-Street Parking,222,13450 Gateway Dr,Cash/Credit Card/PayByPhone,,49.200508,-122.849673
1,Gateway North On-Street,#001,14503,Paystation,SIEMENS SITRAFFIC PRISMA,8:00 AM to 6:00 PM,7 Days/Week,$1.00,4,All Day,,,4317,Surrey,On,On-Street Parking,222,13433 Gateway Dr,Cash/Credit Card/PayByPhone,,49.201033,-122.850497
4,Gateway South On-Street,#016,14518,Paystation,SIEMENS SITRAFFIC PRISMA,8:00 AM to 6:00 PM,7 Days/Week,$1.00,4,All Day,,,4303,Surrey,On,On-Street Parking,62,13425 107A Ave,Cash/Credit Card/PayByPhone,,49.197468,-122.849999
15,City Hall Parkade,#219,520014230466,Paystation,DIGITAL PAYMENT TECHNOLOGIES LUKE II,Outside of City Hall/Library Hours,7 Days/Week,$1.50,,All Day,,$130.00,4295,Surrey,Off,Below Ground Multi-Level Parkade,834,13450 104 Ave,Credit Card/PayByPhone,,49.190891,-122.848731
,Surrey City Hall - P2 [Fleet - Inspectors],EV029,HC1C160439726,EV Charging Station - Level 2,Sun Country Highway HCS-40,24 Hours,7 Days/Week,,,,,,,,Off,Fleet,1,13450 104 Ave,,,49.191375,-122.848727
23,133/133A Street On-Street,#069,520014451703,Paystation,DIGITAL PAYMENT TECHNOLOGIES LUKE II,8:00 AM to 6:00 PM,Mon - Fri,$1.00,$4.00,All Day,,,4316,Surrey,On,On-Street Parking,128,10364 133A St,Credit Card/PayByPhone,,49.190641,-122.851940
1,Gateway North On-Street,#058,500013501585,Paystation,DIGITAL PAYMENT TECHNOLOGIES LUKE II,8:00 AM to 6:00 PM,7 Days/Week,$1.00,4,All Day,,,4317,Surrey,On,On-Street Parking,222,13433 Gateway Dr,Credit Card/PayByPhone,,49.200693,-122.851779
,Surrey City Hall - P1 #1,EV006,183841021401,EV Charging Station - Level 2,ChargePoint CT4021-GW2,24 Hours,7 Days/Week,,,2,,,,,Off,Public,2,13450 104 Ave,,,49.191077,-122.849074
26,Guildford Centre On-Street,#030,14756,Paystation,SIEMENS SITRAFFIC PRISMA,8:00 AM to 5:00 PM,Mon - Fri,$1.75,,,,,4359,Surrey,On,On-Street Parking,61,15353 105 Avenue,Cash/Credit Card/PayByPhone,,49.193404,-122.797209
,South Surrey Operations Centre,EV042,183441017396,EV Charging Station - Level 2,ChargePoint CT4021-GW2,24 Hours,7 Days/Week,,,,,,,,Off,Public,2,2336 166 Street,,,49.044363,-122.762607
,Surrey Operations Centre - Visitors #1,EV018,AAB-12169,EV Charging Station - Level 2,AddEnergie CoRe+,24 Hours,7 Days/Week,,,2,,,,,Off,Public,1,6651 148 Street,,,49.123620,-122.812779
6,8 Avenue/Marine Drive On-Street,#023,14525,Paystation,SIEMENS SITRAFFIC PRISMA,8:00 AM to 11:00 PM,7 Days/Week,$1.50,,6,,,4294,Surrey,On,On-Street Parking,53,15638 8 Ave,Cash/Credit Card/PayByPhone,,49.016506,-122.783588
,Hawthorne Park,EV043,183541017833,EV Charging Station - Level 2,ChargePoint CT4021-GW2,24 Hours,7 Days/Week,,,,,,,,Off,Public,2,10503 144 Street,,,49.193378,-122.823417
23,133/133A Street On-Street,#067,520014451701,Paystation,DIGITAL PAYMENT TECHNOLOGIES LUKE II,8:00 AM to 6:00 PM,Mon - Fri,$1.00,$4.00,All Day,,,4316,Surrey,On,On-Street Parking,128,13321 102A Ave,Credit Card/PayByPhone,,49.188924,-122.853150
28,City Hall Overflow,#056,500013501583,Paystation,DIGITAL PAYMENT TECHNOLOGIES LUKE II,24 Hours,7 Days/Week,$1.00,,All Day,,,5018,Surrey,Off,Surface Paved Off-Street,125,13583 104 Avenue,Credit Card/PayByPhone,,49.192061,-122.846673
12,Scott Road SkyTrain On-Street,#056,500013501583,Paystation,DIGITAL PAYMENT TECHNOLOGIES LUKE II,8:00 AM to 6:00 PM,7 Days/Week,$1.00,$2.00,All Day,,,4315,Surrey,On,On-Street Parking,59,12515 110 Ave,Credit Card/PayByPhone,,49.192061,-122.846673
,Guildford Recreation Centre & Library,EV011,183441017394,EV Charging Station - Level 2,ChargePoint CT4021-GW2,24 Hours,7 Days/Week,,,2,,,,,Off,Public,2,15288 105 Ave,,,49.193326,-122.803908
,Surrey City Hall - P2 [Fleet - Inspectors],EV028,HC1C160439727,EV Charging Station - Level 2,Sun Country Highway HCS-40,24 Hours,7 Days/Week,,,,,,,,Off,Fleet,1,13450 104 Ave,,,49.191375,-122.848727
26,Guildford Centre On-Street,#026,14749,Paystation,SIEMENS SITRAFFIC PRISMA,24 Hours,7 Days/Week,$1.75,,,,,4358,Surrey,On,On-Street Parking,61,10428 153 Street,Cash/Credit Card/PayByPhone,,49.191930,-122.798124
23,133/133A Street On-Street,#065,520014451699,Paystation,DIGITAL PAYMENT TECHNOLOGIES LUKE II,8:00 AM to 6:00 PM,Mon - Fri,$1.00,$4.00,All Day,,,4316,Surrey,On,On-Street Parking,128,10335 133 St,Credit Card/PayByPhone,,49.190463,-122.854361
,Surrey City Hall - P2 [Fleet - MODO] - EV1,EV012,123120000061,EV Charging Station - Level 2,Siemens 8EM1111-1DA11-0AA0,24 Hours,7 Days/Week,,,,,,,,Off,Fleet,1,13450 104 Ave,,,49.191375,-122.848727
,Hemlock Works Yard #2,EV033,AAB-11805,EV Charging Station - Level 2,AddEnergie CoRe+,24 Hours,7 Days/Week,,,,,,,,Off,Public,1,9353 160 St,,,49.172371,-122.779354
,South Surrey Recreation Centre 2,EV005,AAB-10632 ,EV Charging Station - Level 2,AddEnergie CoRe+,24 Hours,7 Days/Week,,,2,,,,,Off,Public,1,14600 20 Ave,,,49.040363,-122.817880
,Surrey City Hall - P2 [Fleet - MODO] - EV3,EV014,123020000056,EV Charging Station - Level 2,Siemens 8EM1111-1DA11-0AA0,24 Hours,7 Days/Week,,,,,,,,Off,Fleet,1,13450 104 Ave,,,49.191375,-122.848727
7,Newton Town Centre On-Street,#035,14761,Paystation,SIEMENS SITRAFFIC PRISMA,8:00 AM to 4:30 PM,Mon - Fri,$1.00,2,All Day,,,4355,Surrey,On,On-Street Parking,107,1238 137 St,Cash/Credit Card/PayByPhone,,49.134791,-122.842104
,Surrey Operations Centre - Visitors #4,EV021,AAB-12131,EV Charging Station - Level 2,AddEnergie CoRe+,24 Hours,7 Days/Week,,,2,,,,,Off,Public,1,6651 148 Street,,,49.123669,-122.812783
4,Gateway South On-Street,#018,14520,Paystation,SIEMENS SITRAFFIC PRISMA,8:00 AM to 6:00 PM,7 Days/Week,$1.00,4,All Day,,,4303,Surrey,On,On-Street Parking,62,13458 107A Ave,Cash/Credit Card/PayByPhone,,49.197012,-122.848930
15,City Hall Parkade,#217,500013501581,Paystation,DIGITAL PAYMENT TECHNOLOGIES LUKE II,Outside of City Hall/Library Hours,7 Days/Week,$1.50,,All Day,,$130.00,4295,Surrey,Off,Below Ground Multi-Level Parkade,834,13450 104 Ave,Cash/Credit Card/PayByPhone,,49.190891,-122.848731
,Surrey City Hall - P2 [Fleet - Inspectors],EV030,HC1C160439728,EV Charging Station - Level 2,Sun Country Highway HCS-40,24 Hours,7 Days/Week,,,,,,,,Off,Fleet,1,13450 104 Ave,,,49.191375,-122.848727
,Surrey City Hall - P2 [Fleet - MODO] - EV5,EV016,SOS01121700156,EV Charging Station - Level 2,AeroVironment EVSE-RSW32B25CXXW,24 Hours,7 Days/Week,,,,,,,,Off,Fleet,1,13450 104 Ave,,,49.191375,-122.848727
1,Gateway North On-Street,#009,14511,Paystation,SIEMENS SITRAFFIC PRISMA,8:00 AM to 6:00 PM,7 Days/Week,$1.00,4,All Day,,,4317,Surrey,On,On-Street Parking,222,13401 108 Ave,Cash/Credit Card/PayByPhone,,49.199027,-122.849669
1,Gateway North On-Street,#002,14504,Paystation,SIEMENS SITRAFFIC PRISMA,8:00 AM to 6:00 PM,7 Days/Week,$1.00,4,All Day,,,4317,Surrey,On,On-Street Parking,222,13468 Gateway Dr,Cash/Credit Card/PayByPhone,,49.201032,-122.849818
,Surrey City Hall - P1 DCFC,53018,EVFC-GLA-022018-208-009,EV Charging Station - Level 3 / DCFC,BTCPower EVfC-50-KW,24 Hours,7 Days/Week,,,1,,,,,Off,Public,1,13450 104 Ave,,,49.191077,-122.849074
,Hemlock Works Yard #1,EV032,AAB-11804 ,EV Charging Station - Level 2,AddEnergie CoRe+,24 Hours,7 Days/Week,,,,,,,,Off,Public,1,9353 160 St,,,49.172371,-122.779354
6,8 Avenue/Marine Drive On-Street,#024,14526,Paystation,SIEMENS SITRAFFIC PRISMA,8:00 AM to 11:00 PM,7 Days/Week,$1.50,,6,,,4294,Surrey,On,On-Street Parking,53,15638 8 Ave,Cash/Credit Card/PayByPhone,,49.016507,-122.781622
,Surrey Operations Centre - Staff Parking #4,EV025,AAB-12175,EV Charging Station - Level 2,AddEnergie CoRe+,24 Hours,7 Days/Week,,,,,,,,Off,Employee,1,6651 148 Street,,,49.122700,-122.813089
1,Gateway North On-Street,#005,14507,Paystation,SIEMENS SITRAFFIC PRISMA,8:00 AM to 6:00 PM,7 Days/Week,$1.00,4,All Day,,,4317,Surrey,On,On-Street Parking,222,10866 City Parkway,Cash/Credit Card/PayByPhone,,49.200285,-122.849030
26,Guildford Centre On-Street,#031,14757,Paystation,SIEMENS SITRAFFIC PRISMA,8:00 AM to 5:00 PM,Mon - Fri,$1.75,,,,,4359,Surrey,On,On-Street Parking,61,10575 105 Avenue,Cash/Credit Card/PayByPhone,,49.193377,-122.798633
,South Surrey Recreation Centre 1,EV004,AAB-11727,EV Charging Station - Level 2,AddEnergie CoRe+,24 Hours,7 Days/Week,,,2,,,,,Off,Public,1,14600 20 Ave,,,49.040413,-122.817885
,Surrey Operations Centre - Staff Parking #2,EV023,AAB-12174,EV Charging Station - Level 2,AddEnergie CoRe+,24 Hours,7 Days/Week,,,,,,,,Off,Employee,1,6651 148 Street,,,49.122695,-122.813164
24,105/105A Avenue On-Street,#074,520014451707,Paystation,DIGITAL PAYMENT TECHNOLOGIES LUKE II,8:00 AM to 6:00 PM,Mon - Fri,$1.00,$4.00,All Day,,,4318,Surrey,On,On-Street Parking,111,13430 105 Avenue,Cash/Credit Card/PayByPhone,,49.193066,-122.850180
,Surrey City Hall - P2 Employee #5,EV038,AAB-12306,EV Charging Station - Level 2,AddEnergie CoRe+,24 Hours,7 Days/Week,,,,,,,,Off,Employee,1,13450 104 Ave,,,49.190913,-122.848922
1,Gateway North On-Street,#003,14505,Paystation,SIEMENS SITRAFFIC PRISMA,8:00 AM to 6:00 PM,7 Days/Week,$1.00,4,All Day,,,4317,Surrey,On,On-Street Parking,222,13450 Gateway Dr,Cash/Credit Card/PayByPhone,,49.200588,-122.850466
1,Gateway North On-Street,#075,520015220780,Paystation,DIGITAL PAYMENT TECHNOLOGIES LUKE II,,7 Days/Week,1,4,All Day,,,4317,Surrey,On,On-Street Parking,222,10899 University Dr,Credit Card/PayByPhone,,49.199648,-122.851009
,Grandview Heights Aquatic Centre #1,EV017,152241002376,EV Charging Station - Level 2,ChargePoint CT4010-HD-GW,24 Hours,7 Days/Week,,,2,,,,,Off,Public,1,16855 24 Ave,,,49.046773,-122.754840
26,Guildford Centre On-Street,#028,14754,Paystation,SIEMENS SITRAFFIC PRISMA,24 Hours,7 Days/Week,$1.75,,,,,4358,Surrey,On,On-Street Parking,61,15350 105 Avenue,Cash/Credit Card/PayByPhone,,49.193249,-122.797120
27,City Centre West,#202,500013271027,Paystation,DIGITAL PAYMENT TECHNOLOGIES LUKE II,24 Hours,7 Days/Week,$0.75,$5.00,All Day,,,5017,Surrey,Off,Surface Gravel Off-Street,10,10262 133A St,Credit Card/PayByPhone,,49.189270,-122.851959
1,Gateway North On-Street,#007,14509,Paystation,SIEMENS SITRAFFIC PRISMA,8:00 AM to 6:00 PM,7 Days/Week,$1.00,4,All Day,,,4317,Surrey,On,On-Street Parking,222,10822 City Parkway,Cash/Credit Card/PayByPhone,,49.199558,-122.848684
,Surrey City Hall - P2 [Fleet - MODO] - EV4,EV015,123120000088,EV Charging Station - Level 2,Siemens 8EM1111-1DA11-0AA0,24 Hours,7 Days/Week,,,,,,,,Off,Fleet,1,13450 104 Ave,,,49.191375,-122.848727
2,City Parkway On-Street,#010,14512,Paystation,SIEMENS SITRAFFIC PRISMA,8:00 AM to 8:00 PM,7 Days/Week,$1.00,$5.00,2,,,4302,Surrey,On,On-Street Parking,15,10388 City Parkway,Cash/Credit Card/PayByPhone,,49.190703,-122.847543
,Surrey City Hall - P2 [Fleet - MODO] - EV2,EV013,123120000067,EV Charging Station - Level 2,Siemens 8EM1111-1DA11-0AA0,24 Hours,7 Days/Week,,,,,,,,Off,Fleet,1,13450 104 Ave,,,49.191375,-122.848727
,Surrey Operations Centre - Visitors #3,EV020,AAB-12102,EV Charging Station - Level 2,AddEnergie CoRe+,24 Hours,7 Days/Week,,,2,,,,,Off,Public,1,6651 148 Street,,,49.123669,-122.812783
,Surrey City Hall - P2 Employee #6,EV039,AAB-12305,EV Charging Station - Level 2,AddEnergie CoRe+,24 Hours,7 Days/Week,,,,,,,,Off,Employee,1,13450 104 Ave,,,49.190913,-122.848922
26,Guildford Centre On-Street,#032,14758,Paystation,SIEMENS SITRAFFIC PRISMA,24 Hours,7 Days/Week,$1.75,,,,,4358,Surrey,On,On-Street Parking,61,15275 105 Avenue,Cash/Credit Card/PayByPhone,,49.193169,-122.798994
8,Innovation Boulevard On-Street,#046,14772,Paystation,SIEMENS SITRAFFIC PRISMA,6:00 AM to 8:00 PM,7 Days/Week,$1.25,5,All Day,,,4309,Surrey,On,On-Street Parking,76,9688 137A St,Cash/Credit Card/PayByPhone,,49.178276,-122.841933
,Surrey Arts Centre at Bear Creek Park #2,EV003,AAB-12434,EV Charging Station - Level 2,AddEnergie CoRe+,24 Hours,7 Days/Week,,,2,,,,,Off,Public,1,13750 88 Ave,,,49.162539,-122.842774
15,City Hall Parkade,#214,500013501589,Paystation,DIGITAL PAYMENT TECHNOLOGIES LUKE II,24 Hours,7 Days/Week,$1.50,,All Day,,$130.00,5009,Surrey,Off,Below Ground Multi-Level Parkade,834,13450 104 Ave,Cash/Credit Card/PayByPhone,,49.190891,-122.848731
6,8 Avenue/Marine Drive On-Street,#021,14523,Paystation,SIEMENS SITRAFFIC PRISMA,8:00 AM to 11:00 PM,7 Days/Week,$1.50,,6,,,4294,Surrey,On,On-Street Parking,53,15638 8 Ave,Cash/Credit Card/PayByPhone,,49.016508,-122.788089
25,Holland Park,#224,520014451704,Paystation,DIGITAL PAYMENT TECHNOLOGIES LUKE II,6:00 AM to 6:00 PM,Mon - Fri,$1.00,$5.00,All Day,,,5016,Surrey,Off,Surface Paved Off-Street,39,9987 King George Blvd,Credit Card/PayByPhone,,49.183442,-122.846025
24,105/105A Avenue On-Street,#073,520014451706,Paystation,DIGITAL PAYMENT TECHNOLOGIES LUKE II,8:00 AM to 6:00 PM,Mon - Fri,$1.00,$4.00,All Day,,,4318,Surrey,On,On-Street Parking,111,10492 134A St,Cash/Credit Card/PayByPhone,,49.193213,-122.849063
,Surrey Operations Centre - Visitors #2,EV019,AAB-12099,EV Charging Station - Level 2,AddEnergie CoRe+,24 Hours,7 Days/Week,,,2,,,,,Off,Public,1,6651 148 Street,,,49.123620,-122.812779
23,133/133A Street On-Street,#068,520014451702,Paystation,DIGITAL PAYMENT TECHNOLOGIES LUKE II,8:00 AM to 6:00 PM,Mon - Fri,$1.00,$4.00,All Day,,,4316,Surrey,On,On-Street Parking,128,10297 133A St,Credit Card/PayByPhone,,49.189319,-122.852180
,Surrey Operations Centre - Staff Parking #6,EV027,AAB-12173,EV Charging Station - Level 2,AddEnergie CoRe+,24 Hours,7 Days/Week,,,,,,,,Off,Employee,1,6651 148 Street,,,49.122700,-122.813007
,Surrey Arts Centre at Bear Creek Park #1,EV002,AAB-12433,EV Charging Station - Level 2,AddEnergie CoRe+,24 Hours,7 Days/Week,,,2,,,,,Off,Public,1,13750 88 Ave,,,49.162539,-122.842774
21,Surrey Nature Centre,,,,,24 Hours,7 Days/Week,,,,$90.00,,,Surrey,Off,Surface Gravel Off-Street,30,14225 Green Timbers Way,Credit Card/PAP/Invoice,Monthly Parking Only,49.178363,-122.828198
8,Innovation Boulevard On-Street,#042,14768,Paystation,SIEMENS SITRAFFIC PRISMA,6:00 AM to 8:00 PM,7 Days/Week,$1.25,5,All Day,,,4309,Surrey,On,On-Street Parking,76,9677 137 St,Cash/Credit Card/PayByPhone,,49.178358,-122.844021
22,Green Timbers - Lot 1,,0,,,24 Hours,7 Days/Week,,,,$85.00,,0,Surrey,Off,Surface Gravel Off-Street,26,9800 140 St,Credit Card/PAP/Invoice,Monthly Parking Only,49.178363,-122.828198
1,Gateway North On-Street,#059,500013501586,Paystation,DIGITAL PAYMENT TECHNOLOGIES LUKE II,8:00 AM to 6:00 PM,7 Days/Week,$1.00,4,All Day,,,4317,Surrey,On,On-Street Parking,222,10898 133A St,Credit Card/PayByPhone,,49.201363,-122.852513
,Surrey City Hall - P2 Employee #3,EV036,AAB-12170,EV Charging Station - Level 2,AddEnergie CoRe+,24 Hours,7 Days/Week,,,,,,,,Off,Employee,1,13450 104 Ave,,,49.190913,-122.848922
,Surrey Sport & Leisure Complex,EV001,	183241016028,EV Charging Station - Level 2,ChargePoint CT4021-GW2,24 Hours,7 Days/Week,,,2,,,,,Off,Public,2,16555 Fraser Hwy,,,49.152251,-122.763484
24,105/105A Avenue On-Street,#071,520014451705,Paystation,DIGITAL PAYMENT TECHNOLOGIES LUKE II,8:00 AM to 6:00 PM,Mon - Fri,$1.00,$4.00,All Day,,,4318,Surrey,On,On-Street Parking,111,10519 134A St,Cash/Credit Card/PayByPhone,,49.193663,-122.849601
,Surrey City Hall - P2 Employee #7,EV040,AAB-12024,EV Charging Station - Level 2,AddEnergie CoRe+,24 Hours,7 Days/Week,,,,,,,,Off,Employee,1,13450 104 Ave,,,49.190913,-122.848922
1,Gateway North On-Street,#057,500013501584,Paystation,DIGITAL PAYMENT TECHNOLOGIES LUKE II,8:00 AM to 6:00 PM,7 Days/Week,$1.00,4,All Day,,,4317,Surrey,On,On-Street Parking,222,10925 University Dr,Credit Card/PayByPhone,,49.200522,-122.851917
7,Newton Town Centre On-Street,#038,14764,Paystation,SIEMENS SITRAFFIC PRISMA,8:00 AM to 4:30 PM,Mon - Fri,$1.00,2,All Day,,,4355,Surrey,On,On-Street Parking,107,13791 72 Ave,Cash/Credit Card/PayByPhone,,49.134543,-122.839256
15,City Hall Parkade,#218,500013501588,Paystation,DIGITAL PAYMENT TECHNOLOGIES LUKE II,Outside of City Hall/Library Hours,7 Days/Week,$1.50,,All Day,,$130.00,4295,Surrey,Off,Below Ground Multi-Level Parkade,834,13450 104 Ave,Cash/Credit Card/PayByPhone,,49.190891,-122.848731
2,City Parkway On-Street,#080,,Paystation,SIEMENS SITRAFFIC PRISMA,8:00 AM to 8:00 PM,7 Days/Week,1,5,,,,4302,Surrey,On,On-Street Parking,15,10363 City Parkway,Cash/Credit Card/PayByPhone,,49.190599,-122.847743
7,Newton Town Centre On-Street,#034,14760,Paystation,SIEMENS SITRAFFIC PRISMA,8:00 AM to 4:30 PM,Mon - Fri,$1.00,2,All Day,,,4355,Surrey,On,On-Street Parking,107,13757 72 Ave,Cash/Credit Card/PayByPhone,,49.133682,-122.840277
,Surrey Operations Centre - Staff Parking #3,EV024,AAB-12172,EV Charging Station - Level 2,AddEnergie CoRe+,24 Hours,7 Days/Week,,,,,,,,Off,Employee,1,6651 148 Street,,,49.122700,-122.813089
4,Gateway South On-Street,#015,14517,Paystation,SIEMENS SITRAFFIC PRISMA,8:00 AM to 6:00 PM,7 Days/Week,$1.00,4,All Day,,,4303,Surrey,On,On-Street Parking,62,13455 107A Ave,Cash/Credit Card/PayByPhone,,49.197654,-122.848937
,Surrey Operations Centre - Staff Parking #5,EV026,AAB-12180,EV Charging Station - Level 2,AddEnergie CoRe+,24 Hours,7 Days/Week,,,,,,,,Off,Employee,1,6651 148 Street,,,49.122700,-122.813007
15,City Hall Parkade,#223,520014230460,Paystation,DIGITAL PAYMENT TECHNOLOGIES LUKE II,24 Hours,7 Days/Week,$1.50,,All Day,,$130.00,5009,Surrey,Off,Below Ground Multi-Level Parkade,834,13450 104 Ave,Credit Card/PayByPhone,,49.190891,-122.848731
11,102 Avenue On-Street,#044,14770,Paystation,SIEMENS SITRAFFIC PRISMA,24 Hours,7 Days/Week,1.5,7,All Day,,,4314,Surrey,On,On-Street Parking,2,13450 102 Ave,Cash/Credit Card/PayByPhone,,49.188202,-122.849436
,Newton Library and Senior's Centre,EV010,183241015897,EV Charging Station - Level 2,ChargePoint CT4021-GW2,24 Hours,7 Days/Week,,,2,,,,,Off,Public,2,13775 - 70 Ave,,,49.130675,-122.840777
15,City Hall Parkade,#215,520014230464,Paystation,DIGITAL PAYMENT TECHNOLOGIES LUKE II,Outside of City Hall/Library Hours,7 Days/Week,$1.50,,All Day,,$130.00,4295,Surrey,Off,Below Ground Multi-Level Parkade,834,13450 104 Ave,Cash/Credit Card/PayByPhone,,49.190891,-122.848731
26,Guildford Centre On-Street,#027,14750,Paystation,SIEMENS SITRAFFIC PRISMA,24 Hours,7 Days/Week,$1.75,,,,,4358,Surrey,On,On-Street Parking,61,10428 153 Street,Cash/Credit Card/PayByPhone,,49.192911,-122.798043
26,Guildford Centre On-Street,#029,14755,Paystation,SIEMENS SITRAFFIC PRISMA,8:00 AM to 5:00 PM,Mon - Fri,$1.75,,,,,4359,Surrey,On,On-Street Parking,61,15353 105 Avenue,Cash/Credit Card/PayByPhone,,49.193419,-122.796053
1,Gateway North On-Street,#008,14510,Paystation,SIEMENS SITRAFFIC PRISMA,8:00 AM to 6:00 PM,7 Days/Week,$1.00,4,All Day,,,4317,Surrey,On,On-Street Parking,222,13479 108 Ave,Cash/Credit Card/PayByPhone,,49.199228,-122.848916
,Surrey City Hall - P1 #2,EV007,182941013635,EV Charging Station - Level 2,ChargePoint CT4021-GW2,24 Hours,7 Days/Week,,,2,,,,,Off,Public,2,13450 104 Ave,,,49.191077,-122.849074
